[
    { "Name":"Revathy","Experience":"4 years","Technology":"Java","Fees":10000,"Duration":"40 days"},
{"Name":"Geetha","Experience":"5 years","Technology":".net","Fees":8000,"Duration":"30 days"},
{
    "Name":"surya","Experience":"4 years","Technology":"Java","Fees":10000,"Duration":"40 days"},
    {
        "Name":"Rekha","Experience":"5 years","Technology":".net","Fees":8000,"Duration":"30 days"
    },
    {
        "Name":"Viji","Experience":"2 years","Technology":"Java","Fees":10000,"Duration":"40 days"
    },
    {
        "Name":"Karthik","Experience":" 5 years","Technology":".net","Fees":8000,"Duration":"30 days"
    }
]